Playlist Name,Video Title
Acid House,Gesloten Cirkel -  Zombie Machine (Acid)
Acid House,Smallpeople - Black Ice
Acid House,Smallpeople -Down Over Me [Smallville]
Acid House,Lizz - Crampeu
Acid House,B. Unknown Artist - B [VWV001]
Acid House,Argy - Love Dose (Luciano Remix)
Acid House,DJ Pierre - Acid Love (Vinyl Video)
Acid House,Herr Krank - Acid Jazz
Acid House,Hysteric - Brother Martin
Acid House,Ceephax Acid Crew - Prelude In 303 Major
Acid House,Probabilities
Acid House,A guy called Gerald - Voodoo ray
Acid House,Fabrizio Lapiana - Memories [FIGUREJAMS001]
Acid House,Z@P - Tracid
Acid House,Joey Beltram - Energy Flash  -  R&S Records Classics
Acid House,KN - Mysterious Pills
Acid House,Darc Marc & Syndrome - Acid In Your Soul
Acid House,DJ Arne L II + DJ Mirko Milano - Lucutus [HQ]
Acid House,K.N. vs Yoshiro a.k.a Genky - Untitled
Acid House,Rave Crusader - Energy Overload
Acid House,Cignol -- Modularity
Acid House,Binary Digit -- MA RTZ
Acid House,MOY -- Wisdom Track
Acid House,L. F. T. -- Nucleon
Acid House,Late Night Protocol -- Yesterday's Sky
Acid House,Bruno Bazzetti -- Cosmic Machine
Acid House,Lou Karsh -- Opaque Acid
Acid House,Tsa -- Rudeboi
Acid House,Wedding Acid Group -- Paprika Dye Acid
Acid House,Weith -- Here Weith Go Again
Acid House,Aloka -- View Source
Acid House,Roy Of The Ravers -- Ghostship Acid
African,Dady Mimbo - Bouba (Cool)
African,Badenya Les Frères Coulibaly - Boroto
African,Habib Koite Sirata
African,ST GERMAIN - Real Blues (Dj Deep & Romain Poncet Remix)
African,Madlaks - Jikavonunu
African,IV29 Emmanuel Jal - Kuar (Henrik Schwarz remix) - Kuar EP
African,V.O. - Mashisa (Dub Mix)
African,Kamazu - Indaba Kabani (1991)
African,Condry Ziqubu – Gorilla Man
African,Ntombi And Survival - Tomorrow HQ
African,Mac Gregor   nan ye li kan
African,Amadou & Mariam - Sabali
African,Lijadu Sisters - Come On Home
Albums (Chill),Engelwood - Boardwalk Bumps 2 [Full BeatTape]
Arabic and Indian,Acid Arab - Stil
Arabic and Indian,Armen Miran & Hraach - Aldebaran
Arabic and Indian,Bedouin - Flight Of Birds (Original Mix)
Arabic and Indian,Os Tincoãs - Deixa A Gira Girar (j g b edit)
Arabic and Indian,Thomash & Projeto Mujique - Cosmosamba
Arabic and Indian,Sahalé - Nlreb Mra Alrrih
Arabic and Indian,Nazia Hassan - Disco Deewane Part 1 + álbum
Arabic and Indian,BOOM BOOM - NAZIA HASSAN (1982)
Arabic and Indian,Arabic Spanish Music ~ Andalucia Nights
Arabic and Indian,Leila Forouhar - Aroosi (Persian Wedding Song) | لیلا فروهر  - عروسی
Arabic and Indian,Farshid Amin - Nastaran
Arabic and Indian,Ehab Tawfik - Sahrany (Tjade Edit) [Dar Disku] 2020
Arabic and Indian,Rahim AlHaj NPR Music Tiny Desk Concert
Arabic and Indian,Great Masters of the Oud    A tribute to Nasser Shamma نصير شمة
Arabic and Indian,Ilm
Arabic and Indian,Hang Drum + Tabla Yoga Music || Positive Energy Music for Meditation || Healing Music
Arabic and Indian,Namah Shivaya
Boogie,Mukat Edits - Baby Come On Edit
Boogie,Bwi-Bwi - Insight
Boogie,Mukat Edits - Sao Paulo Brazilian Groove Thang (Unreleased Instrumental Re Edit)
Boogie,"Cassiano - Onda 12"""
Boogie,Sandra de Sá - Olhos coloridos
Boogie,Ethyène - Sound of Freenidad
Boogie,YSE Saint Laur'ant - Optimistic Voyeur (Faux Metier EP)
Boogie,Folamour - Jazz Session for No Future People
Boogie,"Spencer Parker, Dan Beaumont - The Look (Short DJ Edit)"
Boogie,Outboxx Ft. Naomi Jeremy - Rumours (Andrés Remix)
Boogie,D'Arabia - Pajama Girl
Boogie,Folamour - Dancing on that Rainbow in the Pony Matrix
Boogie,Folamour - Just A Lonely Night Eating Sushis
Boogie,Kavinsky- Nightcall     ( Himan remix )
Boogie,Les Yeux Orange - Coco
Boogie,Why - Carly Simon
Boogie,Dego & The 2000 Black Family - 'Don't Stop (Let It Go)'
Boogie,Try (Christopher Ledger Edit)
Boogie,Kasso - Walkman
Boogie,Pastor T.L. Barrett & the Youth For Christ Choir - Nobody Knows
Boogie,Sven Atterton - Always Remember
Boogie,Private video
Boogie,Toby Foreh - Ore Mi
Boogie,BRYZ - Riders On The Summer
Boogie,Childish Gambino - Redbone (Official Audio)
Boogie,"Jex Opolis Presents: In The Nite - ""Look At My Car!"""
Boogie,D.K. - Softest Place
Boogie,Zapp & Roger - More Bounce To The Ounce
Boogie,Joakim - Nothing Gold (Todd Terje Mix)
Boogie,V.O. - Mashisa (Dub Mix)
Boogie,Glen Adams - A Beat For You
Boogie,Corine - Pluie Fine (Polo & Pan Remix) (Official Video)
Boogie,Mateo & Matos  -  Body'n'soul (Pooley's soul mix)
Boogie,Roy Davis Jr  -  Michael (Love From San Francisco vocal mix)
Boogie,Monkeyshop -- Monkey Barouque
Boogie,Keen K - Touch Me (2011)
Boogie,Hysteric - Brother Martin
Boogie,Nice & Wild - Diamond Girl (Extended Version 1986)
Boogie,Lay-Far - Lock And Rock
Boogie,Oscar Brown Jr. - A Ladiesman (Remastered Version)
Boogie,Ntombi And Survival - Tomorrow HQ
Boogie,"Sheryl Lee Ralph - In The Evening (Original 12"" Version)"
Boogie,Mathy K & The Funky Punch - Bring Back Da Feeling (MDMK EP)
Boogie,Ignition - Secret Sunday Lover (greg wilson edit)
Boogie,Tiger & Woods - Gin Nation
Boogie,Dino Soccio - Tough (Dino Soccio Edit)
Boogie,Chemise - She Can't Love You
Boogie,RuPaul - Supermodel (You Better Work) (Official Music Video)
Boogie,Kasper Marott - Keflavik
Boogie,Daryl Hall & John Oates - I Can't Go For That (No Can Do) (Official Video)
Boogie,Dazz Band - Keep It Live (On The K.I.L.)
Boogie,Social Disco Club - Acidtown
Boogie,Depeche Mode - Enjoy The Silence (Official Video)
Boogie,"Roberta Flack & Donny Hathaway - Back Together Again (12"" Mix) (Slayd5000)"
Boogie,Tevin Campbell - Can We Talk? (Lyrics)
Boogie,Afro Medusa - Pasilda (Knee Deep Mix)
Boogie,Michael Jackson - You Rock My World (Official Video)
Boogie,Michael Jackson - Rock With You (Official Video)
Boogie,Could Heaven Ever Be Like This
Boogie,MFSB - Mysteries Of The World
Boogie,Mary J Blige - Mary Jane ( All Night long )
Boogie,Don Laka - Stages (Prins Thomas Edit)
Boogie,Big Hair and Groovy 80s dancing
Boogie,Speedy J - Beam Me Up! (1993)
Brazilian Jiu-Jitsu,Intro to Brazilian Jiu-Jitsu: Part 2 -- The Basics I
Brazilian Jiu-Jitsu,12 BJJ Black Belts Give Their Best Advice For Starting Jiu-Jitsu
Brazilian Jiu-Jitsu,Triangle Choke from Guard - Brazilian Jiu-Jitsu - BJJ
Brazilian Jiu-Jitsu,The Most Basic but Most Powerful Pass in Jiu-jitsu | KEENANONLINE.COM
Brazilian Jiu-Jitsu,Training BJJ 2 Days a Week is a Waste of Time
Brazilian Jiu-Jitsu,The 3 Most Important Jiu Jitsu Techniques For A BJJ White Belt by John Danaher
Brazilian Jiu-Jitsu,How to Do the Hip Escape aka Shrimping | Jiu Jitsu
Brazilian Jiu-Jitsu,How to be Injured Less Often in BJJ
Brazilian Jiu-Jitsu,Stop Thinking About Techniques As A BJJ White Belt
Brazilian Jiu-Jitsu,Tips for a Non Aggressive White belt
Brazilian Jiu-Jitsu,Fundamentals of Jiu-Jitsu: Learn how to roll and shrimp
Brazilian Jiu-Jitsu,The Best Jiujitsu Move for Total Beginners | KEENANONLINE.COM
Brazilian Jiu-Jitsu,Private video
Brazilian Jiu-Jitsu,BJJ Blue Belt Consumed With Terrifying Fear of Heel Hooks & Leg Locks
Brazilian Jiu-Jitsu,Jiu-Jitsu Guard Passes | 6 Basic but Effective Guard Passes for Gi or No Gi
Brazilian Jiu-Jitsu,A 70 yr Old Power Lifter Changed the Way I Look at Injuries
Brazilian Jiu-Jitsu,Brazilian Jiu-Jitsu Street Fight Analysis - Coach Firas Zahabi
Brazilian Jiu-Jitsu,5 Beginner Mistakes You Are Probably Making - And It's Hurting Your Jiu Jitsu
Brazilian Jiu-Jitsu,BJJ Strength Training: The only 3 exercises you need?
Brazilian Jiu-Jitsu,Dynamic Hip Mobility Exercises (Hip Rotation)
Brazilian Jiu-Jitsu,Core Strength For BJJ / MMA - 7 Solo Grappling Drills
Brazilian Jiu-Jitsu,How To Roll With Bigger Guys
Brazilian Jiu-Jitsu,How to Do Arm Triangle Choke from Mount | MMA Submissions
Brazilian Jiu-Jitsu,Cross Choke Mastery Seminar (Rener Gracie)
Brazilian Jiu-Jitsu,COLLAR CHOKE FROM CLOSED GUARD AND MOUNT - RocknRoll BJJ (RNRBJJ)
Brazilian Jiu-Jitsu,How to Actually Finish the Cross Choke from Mount
Brazilian Jiu-Jitsu,Two Breathing Secrets That Will Change Your CARDIO FOREVER!
Brazilian Jiu-Jitsu,The First Five Submissions You Need To Know | Jiu-Jitsu Basics
Brazilian Jiu-Jitsu,The 3 Most Common Forward Shoulder Roll Mistakes
Brazilian Jiu-Jitsu,Best 1st Submission for a Lanky BJJ White Belt
Brazilian Jiu-Jitsu,19-Year-Old Rener Gracie Sparring with Five U.S. Army Soldiers (Narrated)
Brazilian Jiu-Jitsu,How To Perform Bas Rutten's Rear Naked Choke
Brazilian Jiu-Jitsu,Jiu Jitsu For Dummies - An Introduction To Brazilian Jiu Jitsu
Brazilian Jiu-Jitsu,Best Martial Art for Self Defense: Striking or Grappling? | Eli Knight vs. Ryan Hoover
Brazilian Jiu-Jitsu,White Belt BJJ: What Am I Supposed To Do In Guard?
Brazilian Jiu-Jitsu,Two Moves That Will Get You OUT OF MOUNT - Every Time!
Brazilian Jiu-Jitsu,Lanky Guys Tricks and Tips
Brazilian Jiu-Jitsu,Ryron and Rener Gracie
Brazilian Jiu-Jitsu,Surviving the First 6 Months of Sparring (Gracie Breakdown)
Brazilian Jiu-Jitsu,Cardio for BJJ and How to Improve It
Brazilian Jiu-Jitsu,5 Primal Movements you NEED to do
Brazilian Jiu-Jitsu,BJJ White Belt Unexpectedly Discovers New Way of Rolling
Brazilian Jiu-Jitsu,How to Do the Triangle Choke | MMA Fighting
Brazilian Jiu-Jitsu,How to Apply TIGHTEST Rear Naked Choke for MMA/BJJ
Brazilian Jiu-Jitsu,5 ways to relieve forearm pain from Jiu Jitsu Gi training and weightlifting
Brazilian Jiu-Jitsu,3 Ways to Escape Full Mount
Brazilian Jiu-Jitsu,5 Half-Guard Passes
Brazilian Jiu-Jitsu,Signs that you are rolling TOO HARD or TOO SOFT?
Brazilian Jiu-Jitsu,Some TOP TIPS to stop being CRUSHED in BJJ!
Brazilian Jiu-Jitsu,The Helio Grip - Get That Cross Choke - Everytime!
Brazilian Jiu-Jitsu,The Body Triangle as a Submission!!
Brazilian Jiu-Jitsu,How to Do an Omoplata | MMA Submissions
Brazilian Jiu-Jitsu,How to Make the Guillotine Choke Tighter (and Harder to Escape)
Brazilian Jiu-Jitsu,How To Do The Perfect Armbar by John Danaher
Brazilian Jiu-Jitsu,John Danaher - The Gift of Jiu Jitsu
Brazilian Jiu-Jitsu,What is the Spider Guard?
Brazilian Jiu-Jitsu,Spider Guard Triangle Setup for No Gi Grappling
Brazilian Jiu-Jitsu,Tricks and Tips for Making the Transition from Gi to No Gi
Brazilian Jiu-Jitsu,The most powerful tool in (nogi) guard passing + the smelly armpit concept
Brazilian Jiu-Jitsu,A Realistic But Effective Closed Guard Break
Brazilian Jiu-Jitsu,How To Do The Perfect Triangle Choke Even If You Have Short Legs by John Danaher
Brazilian Jiu-Jitsu,Try these exercises to prevent elbow tendonitis from BJJ
Brazilian Jiu-Jitsu,How to treat your BJJ Elbow Pain
Brazilian Jiu-Jitsu,Idea To Easily Add More Pressure to BJJ Positions and Submissions
Brazilian Jiu-Jitsu,BRACHIALIS PAIN TREATMENT (INSTANT RELEASE)
Brazilian Jiu-Jitsu,Brachialis Release for Arm Pain
Brazilian Jiu-Jitsu,Brachioradialis stretch
Brazilian Jiu-Jitsu,Fast and Easy Side-Control Escape 2 - Firas Zahabi
Brazilian Jiu-Jitsu,Key Side Control Attack Details - Firas Zahabi
Brazilian Jiu-Jitsu,Triangle Choke Defense and Escape
Brazilian Jiu-Jitsu,The Fantastic Forearm Choke!
Brazilian Jiu-Jitsu,Polaris 3: Garry Tonon vs Rousimar Palhares - Official & Free
Brazilian Jiu-Jitsu,A cheeky little choke when caught in closed guard!
Brazilian Jiu-Jitsu,The BJJ Rank Structure
Brazilian Jiu-Jitsu,Top Triangle in UFC History (5 of 5)
Brazilian Jiu-Jitsu,Ryan Hall The Triangle - Closed Guard: Hip Bump Triangle
Brazilian Jiu-Jitsu,Gracie Breakdown - Triangle Choke from the Mount
Brazilian Jiu-Jitsu,The Top 5 Moves For White Belts
Brazilian Jiu-Jitsu,"Marcelo Garcia On How To Defeat A Bigger, Stronger Opponent"
Brazilian Jiu-Jitsu,10 Ways to Shrimp and Improve Hip Mobility on the Ground
Brazilian Jiu-Jitsu,JIU JITSU: The Great Physical Debate | Blue Belt Requirements 2.0
Brazilian Jiu-Jitsu,How to Do a Single Leg Takedown | MMA Fighting
Brazilian Jiu-Jitsu,Scissor Sweep for BJJ White Belts (Try These Adjustments)
Brazilian Jiu-Jitsu,White Belt Basic   Arm Bar From Closed Guard
Brazilian Jiu-Jitsu,Don't Be That Person - Who gets The Back - But Can't Finish!
Brazilian Jiu-Jitsu,How To Lock A Triangle - Everytime!
Brazilian Jiu-Jitsu,Half Guard 101 - What To Do When You Have Someone In Your Half Guard
Brazilian Jiu-Jitsu,The Awesome Ezekiel Choke!
Brazilian Jiu-Jitsu,4 Sweeps From Half Guard - GRBJJ Training
Brazilian Jiu-Jitsu,Four Ways to (No Gi) Scissor Sweep
Brazilian Jiu-Jitsu,3 BJJ Chokes That Everybody Should Know by Lachlan Giles (Amazing Details)
Brazilian Jiu-Jitsu,Draculino BJJ - Triangle Choke
Brazilian Jiu-Jitsu,Head & Arm Choke (Closed Guard)
Brazilian Jiu-Jitsu,Underhooks And Overhooks 101
Brazilian Jiu-Jitsu,Ukemi: The Forward Roll
Brazilian Jiu-Jitsu,How to do the Head & Arm Choke (Kata Gatame) from Mount
Brazilian Jiu-Jitsu,Hip Escape Hacks!
Brazilian Jiu-Jitsu,How To Make That Cross Choke Work!
Brazilian Jiu-Jitsu,The Nastiest Choke From Guard
Brazilian Jiu-Jitsu,The Easy HACK To Avoid Finger INJURY In Jiu Jitsu!
Brazilian Jiu-Jitsu,The Awesome D'arce Choke - One Of My Favourites!
Brazilian Jiu-Jitsu,Ezekiel Choke - From Mount!
Brazilian Jiu-Jitsu,How to Do the D'Arce Choke (aka the No Gi Brabo Choke)
Brazilian Jiu-Jitsu,How To Get The Omoplata From Closed Guard - EVERYTIME!
Brazilian Jiu-Jitsu,What Are The Most Important Skills Needed For A BJJ Blue Belt by John Danaher
Brazilian Jiu-Jitsu,Gripping Tips | Jiu-Jitsu Brotherhood
Brazilian Jiu-Jitsu,The Easiest Side Control Escape!
Brazilian Jiu-Jitsu,White Belt Takedown
Brazilian Jiu-Jitsu,My Favourite Triangle Set Ups From Closed Guard!
Brazilian Jiu-Jitsu,Starting from knees: TAKEDOWN/ARMBAR combo!
Brazilian Jiu-Jitsu,How To Stop Your Guard Getting Passed - Every-time!
Brazilian Jiu-Jitsu,Ezekiel Choke from Side Control | Jiu Jitsu Technique | Mohler MMA
Brazilian Jiu-Jitsu,BJJ: Renzo Gracie's tip for opening any guard
Brazilian Jiu-Jitsu,How To Build The Perfect BJJ Closed Guard Game by John Danaher
Brazilian Jiu-Jitsu,How to Do Triangle Choke from Side Control | MMA Submissions
Brazilian Jiu-Jitsu,Daily BJJ: Nogi Ezekiel Choke
Brazilian Jiu-Jitsu,The Most Important Jiu-Jitsu Move for Self Defense
Brazilian Jiu-Jitsu,10 Common BJJ Mistakes
Brazilian Jiu-Jitsu,Using the LEG LASSO to stop ANYONE passing YOUR guard!
Brazilian Jiu-Jitsu,Overcoming Frustations When Starting Jiu Jitsu - Jocko Willink
Brazilian Jiu-Jitsu,4 Awesome hacks to finish a triangle - Every time!
Brazilian Jiu-Jitsu,D'arce Choke
Brazilian Jiu-Jitsu,Basic BJJ Front Roll
Brazilian Jiu-Jitsu,Why should women train Jiu-Jitsu?
Brazilian Jiu-Jitsu,How Jiu-Jitsu Will Change Your Life
Brazilian Jiu-Jitsu,This Armbar Finish Is So Easy But No One Uses it | KEENANONLINE.COM
Brazilian Jiu-Jitsu,TROUBLE SHOOTING - Scissor Sweep - WORLD CLASS!
Brazilian Jiu-Jitsu,Armbar from failed triangle
Brazilian Jiu-Jitsu,StraitJacket System - Preliminaries: Left Right Control by John Danaher
Brazilian Jiu-Jitsu,How to Use Knee On Belly to Force Movement
Brazilian Jiu-Jitsu,Dive Roll / Break Fall Tutorial
Brazilian Jiu-Jitsu,The First 4 Sweeps You Need To Know | Jiu-Jitsu Basics
Brazilian Jiu-Jitsu,First Ezekiel Choke in UFC History!!! (Feat. Vince Vaughn)
Brazilian Jiu-Jitsu,Clark Gracie with Rear Naked Choke Details
Brazilian Jiu-Jitsu,Ryan Hall Back Attacks - Principles of Back Control
Brazilian Jiu-Jitsu,Finishing the Rear Naked Choke (Lachlan Giles)
Brazilian Jiu-Jitsu,Polaris 4: Garry Tonon vs Gilbert Burns
Brazilian Jiu-Jitsu,Bruno Malfacine treina em Seminário (COMPLETO) / Malfacine rolling in seminar at Alliance Juventus
Brazilian Jiu-Jitsu,Professor Tom's favorite Solo Drills!
Brazilian Jiu-Jitsu,"Why Brazilian Jiu-jitsu (BJJ) Works - The ""Punch Power Scale"""
Brazilian Jiu-Jitsu,Simple tricks that will help you get a tap from the back -Every time!
Brazilian Jiu-Jitsu,Making Your Arm Triangle Choke Super Powerful
Brazilian Jiu-Jitsu,BJJ Mechanics | How you can make everything more effective with one adjustement
Brazilian Jiu-Jitsu,"You'll quit Jiu-Jitsu because of this, by Professor Ryron Gracie. DON'T MAKE THIS MISTAKE!"
Brazilian Jiu-Jitsu,World Class Guard Passing Drill!
Brazilian Jiu-Jitsu,Why Do Good Guard Passers Switch Directions Constantly? - KEENANONLINE.COM CONCEPTS
Brazilian Jiu-Jitsu,How to Invert - Top 3 Drills for Going Upside Down
Brazilian Jiu-Jitsu,"Ryan Hall Arm Triangles - Positions, Theory of Choking, Openings, Finishing, Troubleshooting, Drills"
Brazilian Jiu-Jitsu,Eddie Bravo explains the Rubber Guard to Rickson Gracie
Career,Jordan Peterson: What Kind of Job Fits You?
Career,Does your job match your personality? | Jordan Peterson | Big Think
Career,If You've Been Rejected - WATCH THIS | by Jay Shetty
Career,How to Stay Focused For Long Periods of Time (even on boring things)
Career,STOP SEEKING COMFORT - Joe Rogan
Career,Business Analyst vs Data Analyst
Career,This is Why You'll Fail if You Don't Have a Schedule - Jordan Peterson & Jocko Willink
Career,Why 30 is not the new 20 | Meg Jay
Career,For All the 25-Year-Olds Starting From Zero
Career,How to Get an Entry-Level Data Scientist Job?
Career,Joe Rogan: Put in the Work!
Career,TALK LIKE A CONSULTANT - Top down communication explained (management consulting skills)
Career,How I Would Learn Data Science (If I Had to Start Over)
Career,How to Make Money Coding - 5 Ways Developers Make Money WITHOUT a Job
Chill,Polo&Pan - Coeur D'artichaut (P&P organic remix)
Chill,Polo & Pan - RIVOLTA (Original Mix)
Chill,POLO & PAN - Jacquadi (official video)
Chill,Corine - Pluie Fine (Polo & Pan Remix) (Official Video)
Chill,Turzi - Colombe (Polo & Pan Remix) (Official Audio)
Chill,Λένα Πλάτωνος (Lena Platonos) - Shadow Of Blood
Chill,So Inagawa - Selfless State
Chill,Der Zyklus - Formenverwandler (Shapeshifter)
Chill,Head Nodding Society  -  Nudge Up
Chill,Skatebard - The Bells of Mist
Chill,Manhooker feat. Miss Plug Inn - I Am Disco (Massimiliano Pagliara Remix)
Chill,Skatebård - Marimba
Chill,Oscar Brown Jr. - A Ladiesman (Remastered Version)
Chill,Shelter - Pikolo
Chill,Thomash & Projeto Mujique - Cosmosamba
Chill,Os Tincoãs - Deixa A Gira Girar (j g b edit)
Chill,Air - La Femme d'Argent
Chill,boards of canada - roygbiv
Chill,Deerhunter - Agoraphobia
Chill,Private video
Chill,Rubba - Way star
Chill,Marvin Gaye - What's Going On
Chill,Lonnie Liston Smith - Summer Nights
Chill,Pacific Coliseum - Ocean City
Chill,Jarami - Fredonia Drive
Chill,"1 800 GIRLS - U, Me and Madonna"
Chill,Khruangbin - Friday Morning (Official Video)
Chill,paul blackford- wolfchild
Chill,Bobby Pleasure - Cloudspotting
Chill,Francisco Tárrega - Capricho árabe
Chill,MATHEW JONSON - DAYZ
Chill,time machine soundtrack - godspeed
Chill,Orbital - Halcyon On and On
Chill,Orbital - Belfast HQ
Chill,All We Ask - Grizzly Bear
Chill,Orinoco Flow (Sail Away) - Enya (with lyrics)
Chill,nthng - Human
Chill,Lonnie Smith - It's Changed - 1977
Chill,Amadou & Mariam - Sabali
Chill,Nazia Hassan - Disco Deewane Part 1 + álbum
Chill,vbnd - Daughter Of The Sun [Full Album]
Chill,Mathew Jonson - Panna Cotta (Original Mix)
Chill,Aloha ka manini by Israel Kamakaiwo`ole
Chill,Brian Bennett - Solstice (HD)
Chill,John Cameron - Half Forgotten Daydreams (1974)
Chill,Stelvio Cipriani - Mary's Theme (1969)
Chill,Walter Wanderley - Summer Samba (So Nice)
Chill,Henry Mancini - Lujon (mediterranean)
Chill,It's Changed
Chill,Walter Wanderley ‎– Kee-Ka-Roo 1967 (full album)
Chill,Andrea Bocelli Besame Mucho
Chill,Khruangbin - Four of Five
Chill,Arabic Spanish Music ~ Andalucia Nights
Chill,Claude Larson - Memory Image
Chill,Edith Piaf - La Vie En Rose
Chill,The Spy From Cairo - Nafas
Chill,Franco Micalizzi - Sadness Theme (1979)
Chill,Kurup - Joeira
Chill,Tame Impala - Nangs (Music Video)
Chill,Howard Blake - Night Tapestry
Chill,Skinshape - Don't Call My Name
Chill,Moon Duo - Stars Are the Light(Full Album)
Chill,RÖYKSOPP - Eple (full version)
Chill,Röyksopp - Eple HD (Offical Video)
Chill,Wichita Lineman - Glen Campbell
Chill,The Highwaymen - Highwayman
Chill,Röyksopp - So Easy
Chill,"Röyksopp - So Easy (extended loop, 15 min. version)"
Chill,Chez Damier & Stacey Pullen - Forever Monna
Chill,Westerman - Blue Comanche (Official Audio)
Chill,The M Song (Prins Thomas Edit)
Chill,Mathew Jonson - When Love Feels Like Crying (Original Mix)
Chill,Skatebård & Lauer - Volpi Polari [PLAYRJC058]
Chill,Aphex Twin - Delphium (1992)
Chill,Aphex Twin - Selected Soundcloud Works (2015)
Chill,MFSB - Mysteries Of The World
Chill,LA Synthesis ‎- Zyllvakrynn (1996)
Chill,eevee - where you want to go?
Chill,Carl Finlow - Anomaly (The Time Travelers)
Chill,Carl Finlow - Anomaly  2 (in Space)
Chill,Alberto Balsalm
Chill,Hang Drum + Tabla Yoga Music || Positive Energy Music for Meditation || Healing Music
Chill,HANG DRUM + WATER DRUM Yoga Music (432Hz)┇Positive Energy Music
Chill,Song for Denise (Maxi Version)
Chill,Debussy - Clair de Lune (Harpe) - Héloïse de Jenlis
Chill,Hollis P. Monroe - I´m Lonely (Original Mix)
Chill,Afro Medusa - Pasilda - Knee Deep Remix
Chill,Andras Fox - Pontoon
Chill,Wagon Christ - Saddic Gladdic
Chill,Andrew Weatherall - Massive Mellow Mix - 1993
Chill,The Primitive Painter - Levitation
Chill,Roman Flügel - Parade D'Amour (RB088)
Chill,Men I Trust - Show Me How
Chill,Into an Enchanting Forest || Magical Celtic Music @432Hz || Mystical Forest Sounds
Chill,Being Yourself
Chill,Ben Buitendijk - Promised Land
Chill,Mary J Blige - Mary Jane ( All Night long )
Chill,Sumac Dub - Le Jardin de Lucy [Full Album]
Chill,Don Laka - Stages (Prins Thomas Edit)
Chill,TOP 5 SCARIEST ROLLER COASTERS 2018 | (HD)
Chill,Sumac Dub - Norska  [Full Album]
Chill,Her's - What Once Was (Official Audio)
Chill,Her's - Harvey (Official Audio)
Chill,Mala - Alicia
Chill,Her's - Marcel (Official Audio)
Chill,Weith -- Here Weith Go Again
Chill,Long Island Sound -- Missing You
Classical,Beethoven - Moonlight Sonata (FULL)
Classical,Mica Levi & Oliver Coates - Pre-Barok (2016)
Classical,Satie Trois Gymnopédies
Classical,Erik Satie: Pièces Froides (Reinbert De Leeuw)
Classical,Erik Satie: Gymnopédies & Gnossiennes (Full Album)
Comedy,Chris D'Elia Crowd-work Set
Cooking,Easy Vs. Ultimate: Mac 'N' Cheese
Cooking,Jamie Oliver makes The Perfect Omelette
Cooking,Gordon Ramsay's ULTIMATE COOKERY COURSE: How to Cook the Perfect Steak
Cooking,Why I Always Have a Can of Chickpeas
Cooking,Moroccan lentils Recipe - CookingWithAlia - Episode 94
Cooking,ULTIMATE MAC & CHEESE | Jamie Oliver
Cooking,"We Promise, This is Delicious - Simple, Roasted Onions From 1808"
Cooking,"How To Make A Roux, Bechamel, & Cheese Sauce ~ Chef@Home"
Data Science,Lecture 3.3 — Linear Algebra Review | Matrix Vector Multiplication — [ Machine Learning | Andrew Ng]
Data Science,Andrew Ng Logistic Regression Newton's Method I
Data Science,Central limit theorem | Inferential statistics | Probability and Statistics | Khan Academy
Data Science,StatQuest: PCA main ideas in only 5 minutes!!!
Data Science,Principal Components Analysis - Georgia Tech - Machine Learning
Data Science,Cross Validation
Data Science,kNN.8 Nearest-neighbor regression example
Data Science,Vector Norms
Data Science,Linear regression (6): Regularization
Data Science,K-Fold Cross Validation - Intro to Machine Learning
Data Science,Lecture 13.2 —  Clustering | KMeans Algorithm — [ Machine Learning | Andrew Ng ]
Data Science,Lecture 59 — Hierarchical Clustering | Stanford University
Data Science,How SVM (Support Vector Machine) algorithm works
Data Science,❖ Gaussian Elimination ❖
Data Science,(ML 15.1) Newton's method (for optimization) - intuition
Data Science,5 Tips For Getting A Data Science Job
Data Science,How to Do a VLOOKUP in Excel - Video Tutorial
Data Science,What is Hadoop?
Data Science,3 Types of Data Science Interview Questions
Data Science,What is an API?
Data Science,How To Create A Postgres Database Using pgAdmin
Data Science,StatQuest: Logistic Regression
Data Science,Introduction to Greedy Algorithms | GeeksforGeeks
Data Science,Private video
Data Science,Git & GitHub Crash Course For Beginners
Data Science,Github Tutorial For Beginners - Github Basics for Mac or Windows & Source Control Basics
Data Science,Platform Overview - Machine Learning
Data Science,"Data Analysis with Python - Full Course for Beginners (Numpy, Pandas, Matplotlib, Seaborn)"
Data Science,Intro to Julia for data science
Data Science,Solving real world data science tasks with Python Pandas!
Data Science,I got my machine learning model deployed! | Airbnb Amenity Detection Part 8
Data Science,Hypothesis testing and p-values | Inferential statistics | Probability and Statistics | Khan Academy
Data Science,Text Classification Using Naive Bayes
Data Science,Pandas GroupBy Simplest Example - Python
Data Science,Machine Learning Fundamentals: Bias and Variance
Data Science,"ROC and AUC, Clearly Explained!"
Data Science,PYTHONPATH in Windows: How to import custom python files/modules
Data Science,Excel Tutorial - SUMIF function
Data Science,Excel SUMIFS Sum With Multiple Criteria
Data Science,Understanding about WITH CLAUSE in SQL
Data Science,Best feature of Python | List Comprehensions
Data Science,Jake VanderPlas - Performance Python: Seven Strategies for Optimizing Your Numerical Code
Data Science,Top 5 Reasons Not to Become a Data Analyst
Data Science,Jake Vanderplas - Statistics for Hackers - PyCon 2016.mp4
Data Science,How I Would Learn Data Science (If I Had to Start Over)
Data Science,"Gradient descent, how neural networks learn | Deep learning, chapter 2"
Data Science,Data science for the environment | Dan Hammer | TEDxBerkeley
Data Science,Getting Started with YouTube Data API | Exploring YouTube Data API (Part-1)
Data Science,Searching Content using YouTube Data API | Exploring YouTube Data API (Part-2)
Data Science,Unit #7 Lesson 1:Introduction to nonparametric regression models
Data Science,How to Calculate R Squared Using Regression Analysis
Data Science,"StatQuest: Fitting a line to data, aka least squares, aka linear regression."
Data Science,"Gradient Descent, Step-by-Step"
Data Science,Machine Learning Fundamentals: Cross Validation
Data Science,Gradient Boost Part 3: Classification
Data Science,Python Basics for Data Science - Objects and Classes
Data Science,Learn Intermediate SQL in 20 Mins
Data Science,SQL Tutorial: PARTITION BY
Data Science,Expert Level SQL Tutorial
Data Science,"Reproducible Data Analysis in Jupyter, Part 3/10: Version Control with Git & GitHub"
Disney Bangers,Phil Collins - You'll Be In My Heart
Disney Bangers,"Beauty and the Beast ""Belle"" | Sing-A-Long | Disney"
Disney Bangers,Bryan Adams - Here I Am
Disney Bangers,Louis Armstrong-The Bare Necessities
Disney Bangers,"""It's a hard knock life"" ORIGINAL Annie 1982"
Disney Bangers,Cheb Khaled - « Aïcha » + sous-titres
Dub,dBridge - Fashion Dread [SEN001]
Dub,Sumac Dub - Le Jardin de Lucy [Full Album]
Dub,Mala - Blue Notez
Dub,Mala - Alicia
Energy,National Grid | Fully Charged
Energy,Power Purchase Agreements: Opportunities and Risks in the Canadian Market
Energy,Bullfrog Power - How it Works
Energy,What is Community Solar?
Energy,Explaining a Power Purchase Agreement (PPA)
Energy,Electricity trading arrangements
Energy,Understanding Basics of the Power Market
Energy,Dynamics of renewable entry into electricity markets | Thomas - Olivier Leautier
Energy,The 'duck curve' is solar energy's greatest challenge
Energy,Stephen Fitzpatrick: Zero Carbon Won't Be Easy: Our Energy Model Needs A Total Overhaul
Funny,ESL Students Learn New Gender Pronouns | We the Internet TV
Funny,She’s Drugged....
Funny,Piers Morgan: How dare you accuse me
Funny,The moment this transgender debate got heated
Funny,Saudi man (Osama al-Daghiri) wrestling with a bear
Funny,"“I'm Chris Hansen."" ""No you’re not."" ""Yes, I am."" ""No you're not!”"
Funny,Hansen Vs Predator: Former Mail Carrier Sting - Crime Watch Daily
Funny,Gender Inequality isn’t ALL bad - Andrew Schulz - Stand Up Comedy
Funny,Viral Video Shows Fight at Disneyland
Funny,Tuscon sports reporter runs and falls on live TV
Funny,Weather Boi - Full Clip
Funny,Y E S spells yes. What does E Y E S spell?
Funny,Performance Cringe Compilation
Funny,LMAO: When Your Confidence Skyrockets After A Haircut
Funny,MY 98 YEAR OLD DAD'S REACTION WHEN HE FINDS OUT HOW OLD HE REALLY IS! (WARNING:FOUL LANGUAGE)
Funny,Bruiser: A-Level Geography
Funny,Conor McGregor Who the fuck is that guy?!
Funny,The Wealdstone Raider
Funny,Far-right activist Richard Spencer punched during interview | ABC News
Funny,"""I am very smart"" | The Apprentice (UK)"
Funny,Joe Rogan Wants Everyone to Smoke Weed - Joe Rogan: Rocky Mountain High - Uncensored
Funny,British man goes on racist rant at polish man for drinking on train | Metro.co.uk
Funny,"Stand Up, Rage Rooms and White Jamaican Food In Toronto | Dropping In w/ Andrew Schulz #39 (PART 1)"
Funny,Halo 3 - Singing the theme song
Funny,Curb your Self-Importance
Funny,Lydia Carter - Divided We Fall (feat. White Shadow)
Funny,Best Cry Ever
Funny,CNN LIVE :30 Second Pitch with Kyra Phillips (Enhanced)
Funny,"Akaash Singh Stand Up Clip- Donald Trump, Arranged Marriage"
Funny,Black Laughs vs. White Noise | Akaash Singh | Stand Up Comedy
Funny,The World's Whitest Audience Member | Akaash Singh | Freestyle Comedy
Funny,Who You Finna Try
Funny,Jimothy Lacoste - FUTURE BAE (Prod by. Jimothy Lacoste )
Funny,EATING PEOPLES FOOD
Funny,Blackout Crew - Put A Donk On It (Official Video)
Funny,Private video
Funny,Gypsy kid dancing at club can't be bothered. 1997.
Funny,GF Tests BF to See if He Will Cheat With 2 Other Girls!!!! (Gold Digger Investigation)
Funny,THAT'S MY MACHINE! GYM PRANK
Funny,"Putin is not amused by 'Saudi remix' of Russian anthem. Well, they tried..."
Funny,Epic indian man singing
Funny,Daler Mehndi - Tunak Tunak Tun Video
Funny,"""EYE TO EYE"" SONG BY TAHER SHAH"
Funny,"TAHER SHAH'S ""ANGEL"" SONG SUBTITLE"
Funny,Do you know who I am? I'm Ronnie Pickering! Who? - #doyouknowwhoiam?
Funny,BROWN GUY GETS RICH & MARRIES WHITE GIRL | Akaash Singh | Stand Up Comedy
Funny,Vennu Mallesh - It's My Life What Ever I Wanna Do
Funny,ali g interviews noam chomsky
Funny,Sacha Baron Cohen interviews Bernie Sanders WHO IS AMERICA
Funny,SURJAN STEVENS - MYSTERY OF LOVE (COVER)
Funny,HOW WOMEN APOLOGIZE | Akaash Singh | Stand Up Comedy
Funny,2 Liter Sprite Cranberry Chug in Under a Minute!
Funny,Animal sound Man
Funny,Curb your vegetarian dog
Funny,Kim Woodburn Gets Fired Up Over People Being Offended by the Term 'Darling' | This Morning
Funny,Curb your Martial Arts.
Funny,INDIAN #MeToo's WHITE WOMAN | Akaash Singh | Stand Up Comedy
Funny,Johnny from The Hague in Take Me Out.
Funny,FooR x Tyrone x Warbz - Get Gassed (Lyric Video)
Funny,Tito Ortiz VS The English Language
Funny,This Barn Owl Baby Just Heard Thunder for the First Time | Wildlife Moments
Funny,Lemurs get high | Spy in the Wild - BBC
Funny,BBC Prince Andrew interview - the best (WORST) bits
Funny,Paper Tiger :  White Women || Bill Burr
Funny,Screaming Monkey boi.
Funny,Sasquatch music festival 2009 - Guy starts dance party
Guitar Playing,Play Jazz with Just Six Chords - Gateway to Jazz Guitar
Guitar Playing,The Acoustic Guitar Chord That changes Everything
Guitar Playing,3 Blues Riffs Every Guitarist Should Know   (Amaze your Friends)
Guitar Playing,Autumn Leaves Guitar Lesson | Easy Jazz Standard
Guitar Playing,Game of Thrones theme acoustic guitar
Guitar Playing,Khruangbin - People Everywhere (Still Alive) - Lesson (with tabs)
Guitar Playing,SHINNING HAPPY PEOPLE R.E.M GUITAR COVER ANDY30
Guitar Playing,Shiny Happy People Guitar Tutorial by REM
Guitar Playing,5 Essential Dominant Jazz Licks | Jazz Guitar Lesson
Guitar Playing,"Acoustic Guitar Lessons ""Funk Riff"""
Guitar Playing,Jazz Guitar Lessons - Fly Me to the Moon Guitar Lesson part 1 - Frank Sinatra Diana Krall
Guitar Playing,Wichita Lineman Glen Campbell Jimmy Webb Cover
Health and Fitness,"One Great Stretch to Heal Costochondritis (Pain in Chest & Ribs) - Dr Alan Mandell, DC"
Health and Fitness,THE CHOICE (Short Animated Movie)
Health and Fitness,"How to fix (most) Costochondritis and Tietze's Syndrome, Part (2): Exercises and Treatment Details"
Health and Fitness,How To - Rec Fem Stretch
Health and Fitness,Yoga For Beginners Morning Flow
Health and Fitness,The Best Workout Motivation Ever - Joe Rogan
Health and Fitness,TAKING COLD SHOWERS IS AN ANCIENT REMEDY - Steve Maxwell
Health and Fitness,Dr. Rhonda Patrick Explains the Cause of Heart Disease
Health and Fitness,Strengthening Exercises for Rehabilitation of Rectus Femoris Tendon Ruptures
Health and Fitness,Stop Stretching Your Hip Flexors! (HERE'S WHY)
Health and Fitness,Pushups are KILLING Your Gains!!
Health and Fitness,You Should Be Doing Breathwork for Health and Stress Control
Health and Fitness,Improve Your Posture | 3 Exercises Only!
Health and Fitness,The Main MUSCLE For Super Human STRENGTH
Health and Fitness,How To HANDSTAND HOLD | 5 EASY Steps
Health and Fitness,Chest Pain: What's the Cause -- Dr Willie Ong Health Blog #22
Health and Fitness,Wim Hof breathing tutorial by Wim Hof
Health and Fitness,Tyson Fury | How To Gain MOTIVATION Back
Health and Fitness,What makes muscles grow? - Jeffrey Siegel
Health and Fitness,The PERFECT Shoulder Workout (Sets and Reps Included)
Health and Fitness,Strongman Robert Oberst Says You Shouldn't Do Deadlifts | Joe Rogan
Health and Fitness,Do This EVERY SINGLE Day! (WORKOUT OR NOT)
Health and Fitness,How To Build Huge Forearms | Training Science Explained
Health and Fitness,Leg Day “Bro-Science” (SQUATS BOOST TESTOSTERONE!)
Health and Fitness,6 Greatest “Muscle Growth” Techniques of All Time! (THEN & NOW)
Health and Fitness,Stop Doing Face Pulls Like This! (SAVE A FRIEND)
Health and Fitness,How to Fix “Low Back” Pain (INSTANTLY!)
Health and Fitness,4 Ways to Gain 1 Inch On Your Arms! (BICEPS | TRICEPS)
Health and Fitness,The Official Deadlift Checklist (AVOID MISTAKES!)
Health and Fitness,How to Perform the Deadlift for Growth (5 Mistakes You’re Probably Making)
Health and Fitness,Do This Exercise EVERY DAY for Gains! (Skinny Guys)
Health and Fitness,How To Overhead Press For Bigger Shoulders (5 Mistakes You're Probably Making)
Health and Fitness,How to get a WIDER Back FAST (4 Science-Based Tips)
Health and Fitness,Joe Rogan - Sleep Expert on Insomnia
Health and Fitness,FIX Your Knee Pain: Stop Ignoring This Muscle! (Full Exercise Routine)
Health and Fitness,4 ARM DAY Mistakes I Wish I Fixed Earlier (SLOWING Your Gains!)
Health and Fitness,The Best Science-Based DUMBBELL Shoulder Exercises For Mass and Symmetry
Health and Fitness,The BEST Dumbbell Exercises - ABS EDITION!
Health and Fitness,How To Get Bigger Triceps (3 Training Mistakes You’re Probably Making)
Health and Fitness,How To Get WIDER Shoulders (3 Training Mistakes You’re Probably Making)
Health and Fitness,The Best Rotator Cuff Strengthening Routine (BULLETPROOF YOUR SHOULDERS)
Health and Fitness,How I gained 10 pounds of Muscle in 6 months
Health and Fitness,Ant Middleton Talks to Men's Health about Functional Fitness and Training at 38 | Men's Health UK
Health and Fitness,How to Fix Forearm Pain and Tightness (QUICK STRETCH!)
Health and Fitness,Wrist Extension Exercise with Resistance Band
Health and Fitness,What To Do When Your Brachialis Hurts After Armwrestling
Health and Fitness,You Should Train And Never Be Sore! Flow State In Workouts By Firas Zahabi.
Health and Fitness,"""CrossFitters Are Wrong"". Disadvantages Of CrossFit Workouts."
Health and Fitness,Joe Rogan Experience #1399 - Pavel Tsatsouline
Health and Fitness,Brachialis / Lower Bicep Pain Relief Pt. 1
Health and Fitness,How To Do Type Writer Pull Ups (Side To Side)
Health and Fitness,Q&A w/Firas Zahabi: Body Weight vs Lifting Weights; Flexibility for High Kicks; Concussions
Health and Fitness,Why Gymnasts Are So Jacked And Muscular
Health and Fitness,7 Exercises You Should Do Absolutely Everyday! (Updated)
Health and Fitness,How to Get Wider Shoulders (FAST!!)
Health and Fitness,STOP Touching Your Toes! Do This Instead
Health and Fitness,Learn The Basics On Gymnastic Rings | Beginner Workout
Health and Fitness,Are Calisthenics Better Than Weights? - Jocko Willink
Health and Fitness,The ONLY 7 Exercises You Need for Mass
Health and Fitness,The Best Science-Based PULL Workout For Growth (Back/Biceps/Rear Delts)
Health and Fitness,How To STOP Cardio From Killing Your Gains (3 WORST Mistakes You’re Making)
Health and Fitness,How To Build Muscle At Home: The BEST Full Body Home Workout For Growth
Health and Fitness,Build BIGGER ARMS without Weights - GoldenArms | Thats Good Money
Health and Fitness,17 Bodyweight Back Exercises (WITH NO PULLUP BAR!)
Health and Fitness,The Perfect PUSH-UP Workout (3 LEVELS)
Health and Fitness,Gymnastic ring installation on a tree branch
Health and Fitness,Best Rings Workout - 25+ exercises beginner to advanced
Health and Fitness,How to Start Training on RINGS - Tips for Beginners
Health and Fitness,"20,000 Push-ups and Pull-ups in 30 Days Challenge (featuring David Goggins)"
Health and Fitness,What I EAT & DO EVERYDAY To STAY SHREDDED (ALL MEALS)
Health and Fitness,20 Minute Full Body Flexibility Routine V3! (FOLLOW ALONG)
Hip Hop,D Smoke ft. Jackie Gouché - Black Habits I (Official Video)
House Chunes,Princess Di   Who's Dick Is This B1
House Chunes,Joe Cuba Sextet & Jose Cheo Feliciano - Oye Como Va (K&F Edit)
House Chunes,Subjoi - Love Shy
House Chunes,Rosegold  - Entro Senestre
House Chunes,Unknown Artist - You Got The Funk
House Chunes,Ahmed Fakroun - Nisyan (Edit)
House Chunes,So Inagawa - Selfless State
House Chunes,Junktion - Epilogue
House Chunes,Von af - An Italian Groove (Free Download on SoundCloud)
House Chunes,DiSC Air - If Tha Hood Could Speak
House Chunes,M.K. VII - Dial Theory (Tony's Slice)
House Chunes,Murphy 2080 - Remind Me
House Chunes,Private video
House Chunes,Terrence Parker - Somethin' Here
House Chunes,Claude Vonstroke - Whos Afraid of Detroit
House Chunes,Congress - 40 Miles (Instrumental)
House Chunes,Bell Towers - Theme From Bamboo Musik
House Chunes,The Wise Caucasian - Sac Magique
House Chunes,LUZ1E - U Kno How I'm Feelin'
House Chunes,"Spencer Parker, Dan Beaumont - The Look (Short DJ Edit)"
House Chunes,RBDP - Static
House Chunes,Interstate - Mind Games
House Chunes,Retrospective For Love - Let Me Know (Seb Wildblood Remix)
House Chunes,Dj Swagger - 21st Century Modern Slow Jam
House Chunes,Pépe - Linda's Retreat
House Chunes,Seb Wildblood - Plants (ft. Paul Cut)
House Chunes,John Tejada - Farther and Fainter
House Chunes,JTC -  The Looking Glass
House Chunes,Eric Kupper present K-Scope - Planet K
House Chunes,Mood J - Turn Your Love Around [Distant Hawaii]
House Chunes,Fatima Yamaha - What's A Girl To Do (Done031)
House Chunes,Agua Re - Holy Dance (Large Sound mix) (1992)
House Chunes,Hanna - No Fear
House Chunes,Shai Spooner & Jordan Dessar - Balanced Diversity (Fabe Remix)
House Chunes,Booka Shade vs. Plastic operator - Night falls won't back down
House Chunes,G-Man - Quo Vadis (Original)
House Chunes,Aleksi Perälä - UK74R1512110
House Chunes,Ted Jasper - Get It Together
House Chunes,Joel Mull & Sasha - Pale Reich
House Chunes,2 Step /Groove Chronicles - Stone Cold
House Chunes,lelú - do bap
House Chunes,CJ Bolland - Camargue [1992]
House Chunes,Scan 7 - Black Moon Rising
House Chunes,Clarence - Clarence G's Club
House Chunes,Move D - I Gave My Love (Original Edit)
House Chunes,Syclops - Jump Bugs
House Chunes,Pachanga -  Boys   Time
House Chunes,Claro Intelecto: Peace of Mind (Electrosoul)
House Chunes,DJ Nori - Happy Sunday (Maurice Fulton Remix)
House Chunes,John Tejada - Unit B1656
House Chunes,Tai Davis - Cosmic Groove
House Chunes,Ricardo Villalobos - 808 The Bassqueen
House Chunes,Edmondson - On & On
House Chunes,Youandewan - Fantasy Fear
House Chunes,Derek Carr - Dancefloor (KNOE 5/1)
House Chunes,Those Guys - Love Love Love
House Chunes,Derek Carr - An Ocean Of Stars Between Us
House Chunes,oh. - Charme 75
House Chunes,Mystic Matt & Anthill Mob - Enchanted Rhythm
House Chunes,Dennis DeSantis - Sugar
House Chunes,Sniper Mode - Life Under The Strobelight
House Chunes,Smallpeople - And You And You
House Chunes,Smallpeople - Black Ice
House Chunes,Smallpeople - Pandi Moon
House Chunes,Smallpeople -Down Over Me [Smallville]
House Chunes,Christopher Rau - Like Yesterday [Smallville]
House Chunes,Syclops - Where's Jason's K
House Chunes,H2h - No More (Villalobos remix) [PERLON113]
House Chunes,BRYZ - Riders On The Summer
House Chunes,Lizz - Crampeu
House Chunes,B1. J. Zenith [0000J]
House Chunes,Ribo - Rhytmic Trip [ACKTLTD001]
House Chunes,A. J. Nebula [0000J]
House Chunes,Octave - Iknowican [HBL001]
House Chunes,Raru - Space Disco
House Chunes,Sweely - Dancing With You
House Chunes,Hidden Spheres - Waiting
House Chunes,A. Unknown Artist - A [VWV001]
House Chunes,Traumer - Bjorigine
House Chunes,iO (Mulen) - Open Mind [OVLLMLTD005]
House Chunes,Ben Rau - Work Hard
House Chunes,Argy - Love Dose (Luciano Remix)
House Chunes,"Crackazat  - Somewhere Else (12'' - LT054, Side A1) 2014"
House Chunes,Crackazat - What You're Feeling
House Chunes,BICEP | JUST
House Chunes,Laumee - Eclipse
House Chunes,V.O. - Mashisa (Dub Mix)
House Chunes,Corine - Pluie Fine (Polo & Pan Remix) (Official Video)
House Chunes,Steffi - Kill Me (Crushed Soul Mix)
House Chunes,The Other People Place - It's Your Love
House Chunes,Vanderkraft - Ce Bon Vieux Jean Lassalle
House Chunes,YYY - 金344 B [YYY344]
House Chunes,Corporation of One -The Real Life ┌∩┐(◣_◢)┌∩┐ lol XD
House Chunes,Loni Clark - Rushing (Mood II Swing Dub)
House Chunes,Playin' 4 The City  -  Atmosfear's Vibe
House Chunes,Mateo & Matos  -  Body'n'soul (Pooley's soul mix)
House Chunes,St Germain  -  Alabama Blues (1965 Mix)
House Chunes,Johnny Fiasco  -  Take Five
House Chunes,Halo feat. That Kid Adam  -  Deepminds
House Chunes,Natural Rhythm  -  The Jive (Original Jive)
House Chunes,Johnny Fiasco - Salsanova (Original)
House Chunes,E -Tones - Ooh La La (Johnny Fiasco Remix)
House Chunes,Head Nodding Society  -  Nudge Up
House Chunes,Demarkus Lewis - I Like It
House Chunes,Loods - Nobody
House Chunes,Gavinco - Funkula
House Chunes,Ron Trent - Future Shock
House Chunes,Needs - Walkin Thru Circles (Thump Mix)
House Chunes,M A N I K - White Motif (Shur-i-kan vs Milton Jackson Mix)
House Chunes,Mood II Swing Pres. John Ciafone - Ohh
House Chunes,"Demuir - Unicorn [Girls, Girls, Girls]"
House Chunes,Dj Aakmael - Deep Side
House Chunes,Lay-Far - Lock And Rock
House Chunes,Dego & Kaidi - Orbiting Uhura
House Chunes,Jus Jam - Springtime feat Momla
House Chunes,Politics Of Dancing - Crack House ( P.O.D 004 )
House Chunes,Mathy K & The Funky Punch - Bring Back Da Feeling (MDMK EP)
House Chunes,A. Varhat - Anthem [YOYAKU SPLIT]
House Chunes,B. Janeret - Singularity [YOYAKU SPLIT]
House Chunes,Dino Soccio - Tough (Dino Soccio Edit)
House Chunes,Sueño Latino   Sueño Latino Paradise Mix) 1989   YouTube
House Chunes,Uniile – This Must Be Illegal
House Chunes,OT. Quartet - Hold that sucker down
House Chunes,Andrés - Just a Player
House Chunes,Shinichiro Yokota - Night Drive
House Chunes,Session Victim - Never Forget [Delusions Of Grandeur]
House Chunes,Jarami - Fredonia Drive
House Chunes,paul blackford- wolfchild
House Chunes,Youandewan - Happiness Machine
House Chunes,Ben Rau - Systeme Solaire [INKAL004]
House Chunes,Camilo Franco - Jazzin' Up (Original Mix)
House Chunes,Gibs -  Sakura (An.Art 04)
House Chunes,Underground Ministries feat. Kenny Bobien - I shall not be moved (stand still) extended club mix
House Chunes,Etur Usheo - Lights (video)
House Chunes,Silat Beksi - Miracle Inside
House Chunes,Darling - Kiss the Glass (Safe Trip)
House Chunes,Darling - Tulipa Moves
House Chunes,Resistance D. - Pain Of Sensibility (1994)
House Chunes,Hollis P. Monroe - I´m Lonely (Original Mix)
House Chunes,Inspiration + Light - Universal Principles
House Chunes,Parallel 9 - Quadrus (1996)
House Chunes,Rhythm Is Rhythm - Strings Of Life - 1987
House Chunes,Ben Buitendijk - Promised Land
House Chunes,Synful Dyme - Pin Pac (1994)
House Chunes,Anthony Naples - A.I.R.
House Chunes,Z@P - Tracid
House Chunes,Barac - Axis Mundi 3
House Chunes,DJOKO - Keene Faxen
House Chunes,90's Ecstasy Clubland Part 1
House Chunes,Binary Digit -- Tape Brunch
House Chunes,Wedding Acid Group -- Paprika Dye Acid
House Chunes,Jbogart & R107 - Triggerman
Interesting,Joe Rogan - The Science of Hotness vs. Beauty
Interesting,Joe Rogan - Does Polyamory Work?
Interesting,"EXTREMELY RARE!!! Fearless Male Lion attacks Buffalo Herd, ALONE!!!"
Interesting,"""THE 1%"" ARE DOING THIS EVERYDAY | Reprogram Your Subconscious Mind | Try It For 21 Days!"
Interesting,Private video
Interesting,THE CHOICE (Short Animated Movie)
Interesting,Noam Chomsky - What We Really Want
Interesting,Graham Hancock - Gaining insight to another level of reality through ayahuasca and DMT
Interesting,Joe Rogan Experience #1211 - Dr. Ben Goertzel
Interesting,Jordan Peterson - The Tragic Story of the Man-Child
Interesting,Alike short film
Interesting,Graham Hancock  Ancient Civlizations
Interesting,"Wim Hof, The Iceman Cometh | HUMAN Limits"
Interesting,Jordan Peterson - Is Small Talk Useless?
Interesting,"The Pescatarian Diet of Kron Gracie, MMA Fighter"
Interesting,Joe Rogan | The Amazon is a Colossal Mystery w/Graham Hancock
Interesting,"Graham Hancock  - TEDx Talk - DMT, Life after Death & Consciousness"
Interesting,One Man’s Fight to Save Traditional Muay Thai Boxing | Short Film Showcase
Interesting,You Should Be Doing Breathwork for Health and Stress Control
Interesting,How to practice effectively...for just about anything - Annie Bosler and Don Greene
Interesting,C.G. Jung -  death is not the end
Interesting,Jordan Peterson - The Mystery of DMT and Psilocybin
Interesting,Jordan Peterson - The idea of cultural appropriation is nonsense
Interesting,What SHROOMS Feel Like | The Psilocybin Mushroom Experience (Low Vs High dose)
Interesting,David Goggins: Don't Put People On A Pedestal!
Interesting,MIDSOMMAR | Official Trailer HD | A24
Interesting,Where Did All The Serial Killers Go?
Interesting,Keep Bristol Weird | A Boiler Room & British Council Documentary
Interesting,Meet The World's Smallest People (Little People Documentary) | Real Stories
Interesting,Sound of Ancient Languages
Interesting,Joe Rogan on Ego Death
Interesting,How to reboot your life with the Japanese philosophy of Ikigai | Rob Bell | Big Think
Interesting,Jordan Peterson - Developing Your Inner Psychopath
Interesting,Why you procrastinate so often
Interesting,How Talking About Your Goals is (secretly) Destroying Your Success
Interesting,Why your life is so boring
Interesting,Are Hippos OP?
Interesting,The Psychology of Prince Andrew
Interesting,Top 10 Countries by Inflation Rate (1980-2018)
Interesting,Why 30 is not the new 20 | Meg Jay
Interesting,Part 4: Dopamine: The Molecule of Addiction | Your Brain on Porn | Animated Series
Interesting,My baby hears me for the first time and is almost moved to tears!
Interesting,How wildlife trade is linked to coronavirus
Interesting,Seattle hijacker's conversation with air traffic controller
Interesting,Sacred in the Everyday - Ram Dass Full Lecture
Interesting,Are We Heading for War With China?
Interesting,How to Test Your Emotional Maturity
Interesting,Santa Monica homeless man used to work as an accountant.
Interesting,No Limit Hold'em Starting Hands - Everything Poker [Ep. 02] | PokerStars
Interesting,The Tiny Singapura Is The Smallest Of All Cat Breeds | Cats 101
Interesting,13 Sorts - Classic
Interesting,15 Sorting Algorithms in 6 Minutes
Interesting,Incredible Animation Shows How Humans Evolved From Early Life
Interesting,Liv Boeree | The Science Behind Poker | Oxford Union
Interesting,How I Tricked My Brain To Like Doing Hard Things (dopamine detox)
Interesting,The SJW Worldview Explained in 2 Minutes - Jonathan Haidt
Interesting,Elon Musk - CEO of Tesla Motors and SpaceX | Entrepreneurship | Khan Academy
Interesting,Map of Computer Science
Interesting,Latest Flight Testing!
Interesting,New: Mars In 4K
Interesting,David Beckham House 2019
Interesting,Cuttlefish Males Fool Rivals by Imitating Opposite Sex
Interesting,[10 Hours] Psychedelic 3D Visuals FORWARD - Video Only [1080HD] SlowTV
Jazz,Bill Evans - Portrait in Jazz (1960 Album)
Jazz,Bill Evans - Sunday at the Village Vanguard (1961 Album)
Jazz,ANTONIO CARLOS JOBIM (1970) - Stone Flower (Full Album)
Jazz,Uniile – This Must Be Illegal
Jazz,Gavinco - Silver
Jazz,The Incredible Jazz Guitar of Wes Montgomery (full album) (1080 p)
Jazz,Shinichiro Yokota - Night Drive
Jazz,Lonnie Liston Smith - Summer Nights
Jazz,Peterson - Bossa Nova
Jazzy House,Retrospective For Love - Let Me Know (Seb Wildblood Remix)
Jazzy House,Free the Robots Jazzhole
Jazzy House,Rick Wade - Shinjuku Strut
Jazzy House,Lemon Jelly - A Tune For Jack
Jazzy House,Laurence Guy - Saw You For The First Time
Jazzy House,Shigeto - Detroit (Pt II)
Jazzy House,Ted Jasper - Get It Together
Jazzy House,DJ Nori - Happy Sunday (Maurice Fulton Remix)
Jazzy House,Steve Monite - Only You
Jazzy House,Cobblestone Jazz - 5th Element
Jazzy House,B1. J. Zenith [0000J]
Jazzy House,Plusculaar - Dr. Mind
Jazzy House,Acasual - Spring Theory (Moomin Rework)
Jazzy House,Dmx Krew - Come to me
Jazzy House,The White Lamp - It's You (Ron Basejam remix)
Jazzy House,"Crackazat  - Somewhere Else (12'' - LT054, Side A1) 2014"
Jazzy House,V.O. - Mashisa (Dub Mix)
Jazzy House,So Inagawa - Selfless State
Jazzy House,Corporation of One -The Real Life ┌∩┐(◣_◢)┌∩┐ lol XD
Jazzy House,Playin' 4 The City  -  Atmosfear's Vibe
Jazzy House,Mateo & Matos  -  Body'n'soul (Pooley's soul mix)
Jazzy House,Johnny Fiasco  -  Take Five
Jazzy House,Natural Rhythm  -  The Jive (Original Jive)
Jazzy House,Johnny Fiasco - Salsanova (Original)
Jazzy House,Johnny Fiasco - Cielo Y Tiera (Original)
Jazzy House,Herr Krank - Acid Jazz
Jazzy House,Wikkaman - Just That Way (Soulcentral Mix)
Jazzy House,Mood II Swing Pres. John Ciafone - Ohh
Jazzy House,"Demuir - Unicorn [Girls, Girls, Girls]"
Jazzy House,Dj Aakmael - Deep Side
Jazzy House,Lay-Far - Lock And Rock
Jazzy House,Dego & Kaidi - Orbiting Uhura
Jazzy House,Kaidi Tatham - Two Tens Madam
Jazzy House,Never Dull - What Is Jazz
Jazzy House,Raw Elements - Lost In Time
Jazzy House,Ignition - Secret Sunday Lover (greg wilson edit)
Jazzy House,Dino Soccio - Tough (Dino Soccio Edit)
Jazzy House,Session Victim - Never Forget [Delusions Of Grandeur]
Jazzy House,Camilo Franco - Jazzin' Up (Original Mix)
Jazzy House,Underground Ministries feat. Kenny Bobien - I shall not be moved (stand still) extended club mix
Latino sound,Joe Cuba Sextet & Jose Cheo Feliciano - Oye Como Va (K&F Edit)
Latino sound,YSE Saint Laur'ant - Optimistic Voyeur (Faux Metier EP)
Latino sound,Hubert Daviz - braazaw
Latino sound,Rick Wade - Shinjuku Strut
Latino sound,LINDSTRØM & TODD TERJE - Lanzarote (krokstapella)
Latino sound,Johnny Fiasco - Salsanova (Original)
Latino sound,Francisco Tárrega: Tango Maria
Latino sound,Andrea Bocelli Besame Mucho
Latino sound,Afro Medusa - Pasilda (Knee Deep Mix)
Latino sound,João Gilberto - Aguarela do Brasil
Latino sound,Afro Medusa - Pasilda - Knee Deep Remix
Live Sets,"Polo & Pan @ Cabaret Sauvage in Paris, France for Cercle"
Live Sets,Skatebård Boiler Room London DJ Set
Live Sets,Cari Lekebusch B2B Alexi Delano Boiler Room Stockholm x Red Bull Music Academy DJ Set
Live Sets,Hunee Boiler Room x Dekmantel Festival DJ Set
Live Sets,Hunee Boiler Room BUDx Seoul DJ Set
Live Sets,Antal Boiler Room x Dekmantel Festival DJ Set
Live Sets,Makaya McCraven Boiler Room London Live Set
Live Sets,Anetha Boiler Room Amsterdam DJ Set
Live Sets,Courtesy | Boiler Room x Dekmantel Festival 2018
Live Sets,Mama Snake | Boiler Room x Dekmantel Festival 2018
Live Sets,Sama' Abdulhadi | Boiler Room Palestine
Live Sets,Jazar Crew | Boiler Room Palestine
Live Sets,David Vunk | Boiler Room x Dekmantel Festival 2018
Live Sets,Skatebård | Boiler Room x Dekmantel Festival 2018
Live Sets,Exhibitionist Mix (Complete) - Jeff Mills / Exhibitionist DVD
Live Sets,Tim Sweeney Boiler Room x Sugar Mountain Festival DJ Set
Live Sets,"Partiboi69 - G House, Electro and Techno set live from the Stingzone"
Live Sets,Peach House Pumpers Mix | Boiler Room Fleshback Manchester
Live Sets,Christian Löffler live @ Fontaine de Vaucluse in France for Cercle
Live Sets,Skatebård | Boiler Room x AVA: Dublin
Live Sets,Aphex Twin - Selected Soundcloud Works (2015)
Live Sets,Carl Finlow | Boiler Room x Craigie Knowes
Live Sets,Andrew Weatherall - Massive Mellow Mix - 1993
Live Sets,Mose ft. Suyana - Live at Heart Culture
Live Sets,DJ Python's Deep Reggaeton Live Set | Boiler Room BUDx Santiago
Live Sets,Estella Boersma / June 10 / 6pm-7pm
Live Sets,KI/KI closing Intercell Outdoor 2019
Live Sets,KI/KI [acid set] at Intercell - Acid Night 2020 - FULL SET
Live Sets,Tribe of Frog Summer Gathering 2018 ...
Live Sets,Tribe of Frog Summer Gathering 2018 - Steve 'Woo Dog's' set
Live Sets,TRiBE of FRoG :: Intergalactic Space Frog :: 26/11/2016 - Short Clip
Live Sets,Guest Mix: Records from Brazil with Poly-Ritmo
Live Sets,Her's at Paste Studio NYC live from The Manhattan Center
London Gas,People Are Sick
London Gas,More Beats & Pieces (John McEntire Tortoise mix)
London Gas,Fantastic Man - A Fountain Gate
London Gas,Silat Beksi - Miracle Inside
London Gas,Barker - Maximum Utility
London Gas,Hedonic Treadmill
London Gas,Barker - Neuron Collider
London Gas,Paradise Engineering
London Gas,Utility
London Gas,Voyage - OAF (Chord)
London Gas,Leila Forouhar - Aroosi (Persian Wedding Song) | لیلا فروهر  - عروسی
London Gas,RÖYKSOPP - Eple (full version)
London Gas,Röyksopp - Eple HD (Offical Video)
London Gas,B2. Nathan Paul - Stellular [IRENICSPC006]
London Gas,Ceephax Acid Crew  -- Capsule In Space
London Gas,Darling - Kiss the Glass (Safe Trip)
Meditation,Buddhist Monk shares his Secrets of Meditation
Meditation,Mindfulness & Creativity | Austin Shaw | Talks at Google
Meditation,The Causes of Anxiety and Suffering
Meditation,"5 simple tips about meditation, with Yongey Mingyur Rinpoche"
Meditation,Hang Drum + Tabla Yoga Music || Positive Energy Music for Meditation || Healing Music
Meditation,HANG DRUM + WATER DRUM Yoga Music (432Hz)┇Positive Energy Music
Meditation,🦋THE BUTTERFLY EFFECT ⁂ Elevate your Vibration ⁂ Positive Aura Cleanse ⁂ 432Hz Music
Meditation,The Primitive Painter - Levitation
Meditation,Into an Enchanting Forest || Magical Celtic Music @432Hz || Mystical Forest Sounds
Miscellaneous,Swingkidd- Illafied Flava 1998
Miscellaneous,Star Wars Episode IV A New Hope (1977) Soundtrack 11 Cantina Band
Miscellaneous,nina simone - my baby just cares for me
Miscellaneous,POLO & PAN - Canopée (audio)
Miscellaneous,Wii Shop Channel Music
Miscellaneous,If Tame Impala Composed Stranger Things
Miscellaneous,Inside Your Love (Swales' In Detroit Edit)
Miscellaneous,Boney M. - Rasputin
Miscellaneous,Spirit - Here I Am(HD)
Miscellaneous,Fats Waller - Ain't Misbehavin' - Stormy Weather (1943)
Miscellaneous,Game of Thrones - The Rains Of Castamere | by The National
Miscellaneous,BOOM BOOM - NAZIA HASSAN (1982)
Miscellaneous,partiboi69 - Magnificent
Miscellaneous,"Scarface ""Tony Montana"" Theme Song"
Miscellaneous,D&D / RPG Playlist • TAVERN MUSIC 🎵
Miscellaneous,Leila Forouhar - Aroosi (Persian Wedding Song) | لیلا فروهر  - عروسی
Miscellaneous,RÖYKSOPP - Eple (full version)
Miscellaneous,Röyksopp - Eple HD (Offical Video)
Miscellaneous,bank account (short song) - Louis Cole
Miscellaneous,Aqua - Barbie Girl
Miscellaneous,Flanders & Swann: The Gas Man Cometh
Miscellaneous,One More Time
Miscellaneous,Rahim AlHaj NPR Music Tiny Desk Concert
Miscellaneous,Private video
Miscellaneous,GARY NUMAN - TROIS GYMNOPEDIES
Miscellaneous,Beatox - Dubler Studio Kit Beats Performance (Dubler 1.2 - Available Now)
Miscellaneous,Being Yourself
Miscellaneous,L'Esprit 83 - SuperTurboOverdrive
Miscellaneous,Raw - Main Theme by Jim Williams
Miscellaneous,SKÁLD - Rún
Miscellaneous,SKÁLD - Flúga
Miscellaneous,Sonobe -- Another Frame
Miscellaneous,True Romance Soundtrack
Movies,"Dangal | Official Trailer | Aamir Khan | In Cinemas Dec 23, 2016"
Movies,The Lighthouse | Official Trailer HD | A24
Movies,WHAT KEEPS YOU ALIVE Trailer (2018) Thriller Movie
Muay Thai,Muay Thai - How to Block Straight and Hook Punches to the Head
Muay Thai,One Man’s Fight to Save Traditional Muay Thai Boxing | Short Film Showcase
Muay Thai,10 Minute Muay Thai Shadowboxing Workout For Beginners
Muay Thai,There is No Such Thing as a Muay Thai Black Belt | Michael Bisping Podcast
Muay Thai,Why hitting the bag is the best cardio for your mma practice
Music Making,Ableton Live 9 Beginner Tutorial Pt 1 - Full Overview & Optimization (2017)
Music Making,Making a complete Track Start to Finish Ableton Live Deep House Tutorial Beginners
Music Making,Automation - Everything you need to know // Ableton Live Manual // #32
Music Making,Ableton Live 10 Automation
Music Making,You Suck at Producing: How To Use Automation
Music Making,You Suck at Producing: Live Looping
Music Making,You Suck at Producing: 7th Chords
Music Making,One Thing: Ninajirachi – Textured drum layers
Music Making,Add Depth To Your Mix With ml.distance
Music Making,Ableton: Songwriting Workflow with Ableton Live & Push 2:
Music Making,Ableton Live 10 for Beginners - How to Create a Dubstep Beat
Music Making,Generate Chord Progressions With The Nordmann Chord Generator
Music Making,How to Use the Drum Rack in Ableton Live 9
Music Making,deadmau5 delete's this awesome track???
Music Making,Making Sounds Dreamy with Ableton's Grain Delay
Music Making,Introducing: Dubler Studio Kit
Music Making,Create a whole track with just your voice
Music Making,Beatox - Dubler Studio Kit Beats Performance (Dubler 1.2 - Available Now)
Music Making,How to Use Ableton Live Arpeggiator Midi Effect Tutorial
Music Making,Private video
Music Making,Loop recording in Ableton Live
Music Making,Techno Drum Jam on the Roland TD-1KPX and Ableton Live
Music Making,Using Ableton Push as a Keyboard with JNTHN STEIN | Reverb Demo Video
Podcasts,Jaron Lanier interview on how social media ruins your life
Podcasts,Private video
Podcasts,Joe Rogan on Rape Culture and Feminism
Podcasts,What will future jobs look like? | Andrew McAfee
Podcasts,The psychology of seduction | Raj Persaud | TEDxUniversityofBristol
Podcasts,"Guy Ritchie ""You Must Be The Master of Your Own Kingdom"" - The Joe Rogan Experience"
Podcasts,Noam Chomsky - What We Really Want
Podcasts,Graham Hancock - Gaining insight to another level of reality through ayahuasca and DMT
Podcasts,Joe Rogan Experience #1211 - Dr. Ben Goertzel
Podcasts,Joe Rogan Experience #993 - Ben Shapiro
Podcasts,Joe Rogan & Gad Saad on Gender Dysphoria
Podcasts,Chris D'Elia and Bobby Lee Roast Each Other
Podcasts,Graham Hancock Quits Marijuana (from Joe Rogan Experience #360)
Podcasts,Mike Tyson Doesn't Work Out Anymore: Here's Why - Joe Rogan
Podcasts,Inspirational & Valuable Life Advice - Joe Rogan and Dan Carlin
Podcasts,"The ""Learn to Code"" Meme Controversy | Joe Rogan & Tim Pool"
Podcasts,Leftist Racism is the Real Threat | Joe Rogan and Tim Pool
Podcasts,Joe Rogan Experience #1221 - Jonathan Haidt
Podcasts,Joe Rogan on Weak Men and Harvey Weinstein
Podcasts,Joe Rogan Experience #1265 - Andrew Schulz
Podcasts,Joe Rogan | The Amazon is a Colossal Mystery w/Graham Hancock
Podcasts,"Graham Hancock  - TEDx Talk - DMT, Life after Death & Consciousness"
Podcasts,You Should Be Doing Breathwork for Health and Stress Control
Podcasts,Joe Rogan | Ayahuasca is Amazonian Science w/Graham Hancock
Podcasts,What's the Meaning of Life? | Joe Rogan and Naval Ravikant
Podcasts,Joe Rogan Experience #1309 - Naval Ravikant
Podcasts,Negative Health Consequences of a Vegan Diet
Podcasts,Former CIA Agent Mike Baker on Brexit and Boris Johnson | Joe Rogan
Podcasts,"Joe Rogan ""CBD is One of the Best Things I've Ever Tried for Anxiety"""
Podcasts,"The Problem with ""Free"" College | Joe Rogan & Andrew Yang"
Podcasts,JRE MMA Show #83 with Firas Zahabi
Podcasts,Joe Rogan Experience #1399 - Pavel Tsatsouline
Poker,Liv Boeree | The Science Behind Poker | Oxford Union
Politics,Who Is Karl Marx?
Programming,Reading CSV Files In Python
Programming,Why Programming Is Important?
Programming,Who Does What in the Tech Industry?
Programming,Python OOP Tutorial 1: Classes and Instances
Programming,Python OOP Tutorial 3: classmethods and staticmethods
Programming,Programming Terms: First-Class Functions
Programming,Learn HTML in 12 Minutes
Programming,Python interview with a Google engineer: Coin Change
Programming,#41 Python Tutorial for Beginners | Factorial using Recursion
Programming,8-Bits of Advice for New Programmers (The stuff they don't teach you in school!)
Programming,SQL Subqueries | Subqueries in SQL with examples
Programming,Introduction to Greedy Algorithms | GeeksforGeeks
Programming,Git & GitHub Crash Course For Beginners
Programming,Github Tutorial For Beginners - Github Basics for Mac or Windows & Source Control Basics
Programming,PYTHON Object-Oriented Programming (OOP) Example - Circle class
Programming,Python Tutorial: Slicing Lists and Strings
Programming,Justin Abrahms: Computer science fundamentals for self-taught programmers - PyCon 2014
Programming,Python Tutorial: if __name__ == '__main__'
Programming,Do You Need To Learn Data Structures and Algorithms?
Programming,Intro to the Command Line - BASH Basics
Programming,How To Think Like A Programmer
Programming,PYTHONPATH in Windows: How to import custom python files/modules
Programming,placing your packages on PYTHONPATH
Programming,Introduction to the Spyder IDE for Python
Programming,#35 Python Tutorial for Beginners | Keyworded Variable Length Arguments in Python | **kwargs
Programming,Computer Science - Brian Kernighan on successful language design
Programming,Best feature of Python | List Comprehensions
Programming,#62 Python Tutorial for Beginners | Generators
Programming,Best hidden feature of Python | Chaining comparison operators
Programming,Jake Vanderplas - Statistics for Hackers - PyCon 2016.mp4
Programming,Making a To-Do App with Django | Web Development Tutorial | Build a Startup #3
Programming,Map of Computer Science
Programming,Recursion 'Super Power' (in Python) - Computerphile
Programming,Intermediate Python Programming Course
Programming,Mastering Python - Everything You Need To Know To Become a Python Master
Programming,What Is Recursion - Recursion Explained In 3 Minutes
Programming,How to Make Money Coding - 5 Ways Developers Make Money WITHOUT a Job
Programming,Programming Terms: Closures - How to Use Them and Why They Are Useful
Programming,Google Coding Interview Question and Answer #1: First Recurring Character
Programming,Python Resume Projects - You Can Finish in a Weekend
Programming,Functional and Nonfunctional Requirements - Georgia Tech - Software Development Process
Programming,What Does It Take To Be An Expert At Python?
Programming,Python Basics for Data Science - Objects and Classes
Programming,Python OOP Tutorial 5: Special (Magic/Dunder) Methods
Science,What is an Eigenvector?
Spirituality,Does Buddhism support romantic love?
Spirituality,Mindfulness & Creativity | Austin Shaw | Talks at Google
Spirituality,Buddhist Monk shares his Secrets of Meditation
Spirituality,The Causes of Anxiety and Suffering
Spirituality,Buddhism for Beginners
Spirituality,"The Art of Being Peace | Dharma Talk by Thich Nhat Hanh, 2008 05 13"
Spirituality,Atheists vs Theists: Does Buddha Offer a Middle Way?
Spirituality,Terence McKenna - Hard Truths
Spirituality,"""Is it strong enough for you, asshole?"" Magic Mushroom Experience (Terence Mckenna)"
Spirituality,What is true love? | Thich Nhat Hanh answers questions
Spirituality,The Buddha (Full Documentary)
Spirituality,Private video
Spirituality,Alan Watts ~ Exploring Your Dark Side
Spirituality,A 97-Year-Old Philosopher Faces His Own Death
Spirituality,"Joe Rogan - Kevin Smith ""Death Is Not to Be Feared"""
Spirituality,Sacred in the Everyday - Ram Dass Full Lecture
Spirituality,Life is NOT a Journey - Alan Watts
Spirituality,"Neuroscientist Sam Harris – If You’re Struggling With Anxiety, You Need to Watch This"
Spirituality,Ram Dass on LSD and Unity
Spirituality,A Conversation with Terence McKenna and Ram Dass (1992)
Sustainability,Data science for the environment | Dan Hammer | TEDxBerkeley
Sustainability,Streamlined Energy and Carbon Reporting (SECR) ...in less than 5 mins
Sustainability,What is ESG?
Sustainability,Renewable is Unstoppable | OVO Energy
Techno,Objekt - Theme From Q
Techno,Adapta -  MKS-50_01 - Frustrated Funk FR034
Techno,Adapta - MKS-50_04 - Frustrated Funk FR034
Techno,Oliver Huntemann & Stephan Bodzin - Rubin
Techno,Aleksi Perälä - UK74R1512110
Techno,Aleksi Perälä - Purple Rain
Techno,Aleksi Perälä - Thinking Of You
Techno,Aleksi Perälä - Path
Techno,Joel Mull & Sasha - Pale Reich
Techno,Aleksi Perälä - Transport Phenomenon
Techno,Claro Intelecto: Peace of Mind (Electrosoul)
Techno,Sniper Mode - Life Under The Strobelight
Techno,Charlie - Spacer Woman  (1983)
Techno,Lizz - Crampeu
Techno,Archie Hamilton - Telegram
Techno,Noha - Cat (Archie Hamilton Remix)
Techno,Ricardo Villalobos - Empirical House [arpiar015]
Techno,A1. Niwa Tatsui 4 - Autumn 1 [NIWATATSUI4]
Techno,YYY - 銀750 A [YYY750]
Techno,B. Unknown Artist - B [VWV001]
Techno,Traumer - Bjorigine
Techno,Ben Rau - Work Hard
Techno,Unknown Artist - Something Else
Techno,Afriqua - Harken (Archie Hamilton Remix)
Techno,Argy - Love Dose (Luciano Remix)
Techno,Laumee - Eclipse
Techno,Der Zyklus - Formenverwandler (Shapeshifter)
Techno,Marc Romboy vs Stephan Bodzin - Triton (Original Mix)
Techno,Virginia - Raverd (Dub Version) [VIRGINIA001]
Techno,Skatebard - The Bells of Mist
Techno,Private video
Techno,Innershades - Knowledge [Creme Organization]
Techno,Nice & Wild - Diamond Girl (Extended Version 1986)
Techno,A. Varhat - Anthem [YOYAKU SPLIT]
Techno,B. Janeret - Singularity [YOYAKU SPLIT]
Techno,Objekt - The Goose that Got Away (OBJECT001) - Dubstep
Techno,paul blackford- wolfchild
Techno,Barac - Echoes
Techno,Tone Depth - Centuries [fryhide]
Techno,Sahalé - Nlreb Mra Alrrih
Techno,nthng - Human
Techno,Mathew Jonson - Panna Cotta (Original Mix)
Techno,Mathew Jonson - The World Will Come Around [unreleased]
Techno,Mathew Jonson - Marionette
Techno,Language Of The Bass
Techno,MMM (Errorsmith & Fiedel) - Donna
Techno,Zenker Brothers - Subklet [IT033]
Techno,Mark Art - Nasty Girl  (Original Mix)
Techno,Markus Gibb - Deuxième Etage (MDM #3) - 03 Nuts
Techno,Ceephax Acid Crew  -- Capsule In Space
Techno,B2. Nathan Paul - Stellular [IRENICSPC006]
Techno,B2. FSK24 - Neurojack [CO3000-03]
Techno,A1. FSK24 - Desert Labs [CO3000-03]
Techno,Simon Weiss - Tele-Vision
Techno,Harmon Eyes - Sensaesa (1994)
Techno,Tarsis - Into The Static
Techno,Boris Brejcha - I am a Maschine
Techno,Probabilities
Techno,Carl Finlow - Gains (Fanzine Records 011)
Techno,Carl Finlow - Machine Bias
Techno,Tony M2 - Time Sequence Glitch
Techno,Roland Klinkenberg - Encountings (1995)
Techno,E.S.C - The Legacy  ( Andrew Weatherall vs The Board )
Techno,Roman Flügel - Parade D'Amour (RB088)
Techno,Elmo Crumb – I'm Still Dizzy
Techno,Fabrizio Lapiana - Memories [FIGUREJAMS001]
Techno,Jheal Bashta - Sta. Barbara [TRCS002]
Techno,Scalameriya - Spire Warden Arcane Gate (Razbibriga Remix) [GENESA013V]
Techno,Aki Himanen and Aleksi Kinnunen - Dystopian Morning Jam [JOT013]
Techno,Roman Flügel - Garden Party (RB088)
Techno,Dark & Long (Burt's Mix / Remastered)
Techno,Anthony Naples - A.I.R.
Techno,Z@P - Tracid
Techno,Jeff Mills - The Bells
Techno,Technasia - Resilience
Techno,Frost - Acid Phase
Techno,Binary Finary - 1998 (Original Mix)
Techno,Binary Finary- 1999 (Best version released)
Techno,Binary Digit -- MA RTZ
Techno,MOY -- Wisdom Track
Techno,Lou Karsh -- Reacher
Techno,Lou Karsh -- Opaque Acid
Techno,Binary Digit -- Tape Brunch
Techno,Rydeen -- Syndicate Of Whales
Techno,DJ Astrobee -- Misanthropic
Techno,Tsa -- Rudeboi
Techno,No_4mat - 1992
Techno,TR -- Nebula
Techno,Aloka -- View Source
Techno,Arctor -- Memory Gene
Techno,RIGSON -- Liminal Space
Techno,Aloka - Red Shift
Techno,Lloyd Stellar -- We Don't Exist
Techno,Armec -- Ethereal
Techno,Jbogart & R107 - Triggerman
Technology,Blockchain Expert Explains One Concept in 5 Levels of Difficulty | WIRED
Technology,Steve Jobs Introducing The iPhone At MacWorld 2007
Technology,What is Machine Learning?
Trance,L.S.G. - Netherworld (Oliver Prime Remix) (HD)
Trance,Kasper Marott - Keflavik
Trance,Sahalé - Nlreb Mra Alrrih
Trance,Mathew Jonson - Panna Cotta (Original Mix)
Trance,Mathew Jonson - The World Will Come Around [unreleased]
Trance,Nail - Cassiopeia (1993)
Trance,Loophole - Soulsearch (1995)
Trance,The Arc - Something Wonderful (1993)
Trance,Aurasfere - Sunrise On Epsilon (1994)
Trance,Alter Ego - Soulfree (1994)
Trance,Der Dritte Raum - Hale Bopp (original mix)
Trance,WelljaM - A-Gain (1998)
Trance,Shortfiction - Red Star (1995)
Trance,Jens - Psycho Strings (Bervoets & De Goeij Remix)  (1999)
Trance,Bedrock - Set In Stone (1996)
Trance,Tarsis - Broken
Trance,Electric Universe - Visiting Venus . HQ
Trance,Voyage - OAF (Chord)
Trance,Om - Here Comes The Sun (1993)
Trance,Barker - Maximum Utility
Trance,Hedonic Treadmill
Trance,Barker - Neuron Collider
Trance,Paradise Engineering
Trance,Utility
Trance,Mathew Jonson - Marionette
Trance,B2. Nathan Paul - Stellular [IRENICSPC006]
Trance,Ceephax Acid Crew  -- Capsule In Space
Trance,Stevie Be Zet - Blue Illusion (1994)
Trance,Sasha - Xpander
Trance,Darling - Kiss the Glass (Safe Trip)
Trance,Harmon Eyes - Sensaesa (1994)
Trance,Aphex Twin - Delphium (1992)
Trance,Agent Orange - Warm Love (1995)
Trance,Cassiopeia
Trance,LA Synthesis ‎- Zyllvakrynn (1996)
Trance,Carl Finlow - Anomaly (The Time Travelers)
Trance,Carl Finlow - Machine Bias
Trance,Resistance D. - Pain Of Sensibility (1994)
Trance,DJ Manta - Holding On (Lange Remix)(1999)
Trance,Eric Prydz - Opus Generate (EPIC 5.0 Interlude Intro)
Trance,Roland Klinkenberg - Encountings (1995)
Trance,Pepper's Ghost - Nightshift
Trance,Desert Storm - Desert Storm (1994)
Trance,The Mole People (Break Night) 1995
Trance,J. Albert - Inward
Trance,Morph - Horizon (1994)
Trance,Night On Earth - Anasazi (1996)
Trance,Berkana Sowelu - Solid Fuel (1994)
Trance,Sunrise Society - Equinox (1997)
Trance,Orenok - Angkor Vat (1995)
Trance,Morph - First Born (1994)
Trance,Redeye - A Source (1993)
Trance,Andrew Weatherall - Massive Mellow Mix - 1993
Trance,The Primitive Painter - Levitation
Trance,Ayla - Ayla (Taucher Remix) (1996)
Trance,Ebi - Hi (1994)
Trance,Underworld - Thing In A Book (1994)
Trance,Elmo Crumb – I'm Still Dizzy
Trance,Synful Dyme - Pin Pac (1994)
Trance,Fabrizio Lapiana - Memories [FIGUREJAMS001]
Trance,Roman Flügel - Garden Party (RB088)
Trance,Dark & Long (Burt's Mix / Remastered)
Trance,Mojave Skyline (ANF Virtual Music Mix)
Trance,Binary Finary - 1998 (Original Mix)
Trance,Binary Finary- 1999 (Best version released)
Trance,Greece 2000 (Original Mix)
Trance,DJOKO - Keene Faxen
Trance,Alpha Tracks - Elektra [33MOB14/2]
Trance,Trouble in Tahiti
Trance,Cignol -- Modularity
Trance,Transllusion - Dimensional Glide
Trance,Speedy J - Beam Me Up! (1993)
Trance,90's Ecstasy Clubland Part 1
Trance,Scan X - Dust (1996)
Trance,Late Night Protocol -- Yesterday's Sky
Trance,Bruno Bazzetti -- Cosmic Machine
Trance,Lou Karsh -- Reacher
Trance,Binary Digit -- Tape Brunch
Trance,MOY -- Wisdom Track
Trance,Weith -- Here Weith Go Again
Trance,No_4mat - 1992
Trance,Long Island Sound -- Missing You
Trance,Aloka -- View Source
Trance,Arctor -- Memory Gene
Trance,Sound Synthesis -- Analog Soul
Trance,Sound Synthesis -- Floating Away
Trance,Sound Synthesis -- B2 Love Drones
Trance,Sound Synthesis -- Missing You
Trance,Armec -- Ethereal
UFC / MMA,Nick Diaz gets busy with his nunchucks while on conference call
Vintage,The Flamingos - I Only Have Eyes For You
Vintage,"Jex Opolis Presents: In The Nite - ""Look At My Car!"""
Vintage,Keen K --- You Are My Magic
Vintage,Boney M. - Rasputin
Vintage,The Mamas & The Papas - California Dreamin'
Vintage,Private video
Vintage,Chordettes - Lollipop
Vintage,Anything goes by cole porter
Vintage,I Don't Want To Set The World On Fire-The Ink Spots
Vintage,R.E.M. - Shiny Happy People (Official Music Video)
Vintage,Chicago - If you leave me now (1976)
Vintage,Mungo Jerry - In The Summertime ORIGINAL 1970
Vintage,Velvet Underground - I'm Sticking With You
Vintage,femme fatale - Velvet underground
Vintage,Fats Waller - Ain't Misbehavin' - Stormy Weather (1943)
Vintage,Francisco Tárrega - Capricho árabe
Vintage,Golden Brown - The Stranglers
Vintage,Dire Straits - Sultans Of Swing
Vintage,Kashif  - Help Yourself To My Love 1983 Ft LaLa
Vintage,Daryl Hall & John Oates - I Can't Go For That (No Can Do) (Official Video)
Vintage,"Hall & Oates - Out Of Touch (12"" Version)"
Vintage,Orinoco Flow (Sail Away) - Enya (with lyrics)
Vintage,Depeche Mode - Enjoy The Silence (Official Video)
Vintage,a-ha - Take On Me (Official 4K Music Video)
Vintage,Pet Shop Boys - West End Girls (Official Video) [HD REMASTERED]
Vintage,The Human League - Don't You Want Me (Official Music Video)
Vintage,Simple Minds - Don't You (Forget About Me)
Vintage,Love You Inside Out - Bee Gees
Vintage,Minnie Riperton - Lovin' You (Lyrics)
Vintage,Tevin Campbell - Can We Talk? (Lyrics)
Vintage,SHE'S A BAD MAMA JAMA / Carl Carlton
Vintage,Michael Jackson - Rock With You (Official Video)
Vintage,Michael Jackson - Human Nature HQ
Vintage,"Andrea Bocelli - Besame Mucho - Live From Lake Las Vegas Resort, USA / 2006"
Vintage,Andrea Bocelli Besame Mucho
Vintage,Lonnie Smith - It's Changed - 1977
Vintage,Unforgettable - Nat 'King' Cole
Vintage,Could Heaven Ever Be Like This
Vintage,John Cameron - Half Forgotten Daydreams (1974)
Vintage,Jean Pierre Mirouze - Sexopolis
Vintage,Stelvio Cipriani - Mary's Theme (1969)
Vintage,Henry Mancini - Lujon (mediterranean)
Vintage,It's Changed
Vintage,Edith Piaf - La Vie En Rose
Vintage,Wichita Lineman - Glen Campbell
Vintage,The Highwaymen - Highwayman
Vintage,Patsy Cline - Crazy (1961)
Vintage,MFSB - Mysteries Of The World
Vintage,A guy called Gerald - Voodoo ray
Vintage,Inner City - Big Fun (12' remix)
Vintage,Make It Last Forever (with Jacci McGhee)
Vintage,The Brothers Johnson - Stomp! (Official Video)
Vintage,90's Ecstasy Clubland Part 1
Vintage,Big Hair and Groovy 80s dancing
